Workbook

Sheet Helpers
A1: Per-habit streak running counts (column = day of month, value = consecutive checks ending that day)
A2: 0 | B2: =IF(Tracker!B18="✓",A2+1,0) | C2: =IF(Tracker!C18="✓",B2+1,0) | D2: =IF(Tracker!D18="✓",C2+1,0) | E2: =IF(Tracker!E18="✓",D2+1,0) | F2: =IF(Tracker!F18="✓",E2+1,0) | G2: =IF(Tracker!G18="✓",F2+1,0) | H2: =IF(Tracker!H18="✓",G2+1,0) | I2: =IF(Tracker!I18="✓",H2+1,0) | ... AF2: =IF(Tracker!AF18="✓",AE2+1,0)
A3: 0 | B3: =IF(Tracker!B19="✓",A3+1,0) | C3: =IF(Tracker!C19="✓",B3+1,0) | D3: =IF(Tracker!D19="✓",C3+1,0) | E3: =IF(Tracker!E19="✓",D3+1,0) | F3: =IF(Tracker!F19="✓",E3+1,0) | G3: =IF(Tracker!G19="✓",F3+1,0) | H3: =IF(Tracker!H19="✓",G3+1,0) | I3: =IF(Tracker!I19="✓",H3+1,0) | ... AF3: =IF(Tracker!AF19="✓",AE3+1,0)
A4: 0 | B4: =IF(Tracker!B20="✓",A4+1,0) | C4: =IF(Tracker!C20="✓",B4+1,0) | D4: =IF(Tracker!D20="✓",C4+1,0) | E4: =IF(Tracker!E20="✓",D4+1,0) | F4: =IF(Tracker!F20="✓",E4+1,0) | G4: =IF(Tracker!G20="✓",F4+1,0) | H4: =IF(Tracker!H20="✓",G4+1,0) | I4: =IF(Tracker!I20="✓",H4+1,0) | ... AF4: =IF(Tracker!AF20="✓",AE4+1,0)
A5: 0 | B5: =IF(Tracker!B21="✓",A5+1,0) | C5: =IF(Tracker!C21="✓",B5+1,0) | D5: =IF(Tracker!D21="✓",C5+1,0) | E5: =IF(Tracker!E21="✓",D5+1,0) | F5: =IF(Tracker!F21="✓",E5+1,0) | G5: =IF(Tracker!G21="✓",F5+1,0) | H5: =IF(Tracker!H21="✓",G5+1,0) | I5: =IF(Tracker!I21="✓",H5+1,0) | ... AF5: =IF(Tracker!AF21="✓",AE5+1,0)
A6: 0 | B6: =IF(Tracker!B22="✓",A6+1,0) | C6: =IF(Tracker!C22="✓",B6+1,0) | D6: =IF(Tracker!D22="✓",C6+1,0) | E6: =IF(Tracker!E22="✓",D6+1,0) | F6: =IF(Tracker!F22="✓",E6+1,0) | G6: =IF(Tracker!G22="✓",F6+1,0) | H6: =IF(Tracker!H22="✓",G6+1,0) | I6: =IF(Tracker!I22="✓",H6+1,0) | ... AF6: =IF(Tracker!AF22="✓",AE6+1,0)
A7: 0 | B7: =IF(Tracker!B23="✓",A7+1,0) | C7: =IF(Tracker!C23="✓",B7+1,0) | D7: =IF(Tracker!D23="✓",C7+1,0) | E7: =IF(Tracker!E23="✓",D7+1,0) | F7: =IF(Tracker!F23="✓",E7+1,0) | G7: =IF(Tracker!G23="✓",F7+1,0) | H7: =IF(Tracker!H23="✓",G7+1,0) | I7: =IF(Tracker!I23="✓",H7+1,0) | ... AF7: =IF(Tracker!AF23="✓",AE7+1,0)
A8: 0 | B8: =IF(Tracker!B24="✓",A8+1,0) | C8: =IF(Tracker!C24="✓",B8+1,0) | D8: =IF(Tracker!D24="✓",C8+1,0) | E8: =IF(Tracker!E24="✓",D8+1,0) | F8: =IF(Tracker!F24="✓",E8+1,0) | G8: =IF(Tracker!G24="✓",F8+1,0) | H8: =IF(Tracker!H24="✓",G8+1,0) | I8: =IF(Tracker!I24="✓",H8+1,0) | ... AF8: =IF(Tracker!AF24="✓",AE8+1,0)
A9: 0 | B9: =IF(Tracker!B25="✓",A9+1,0) | C9: =IF(Tracker!C25="✓",B9+1,0) | D9: =IF(Tracker!D25="✓",C9+1,0) | E9: =IF(Tracker!E25="✓",D9+1,0) | F9: =IF(Tracker!F25="✓",E9+1,0) | G9: =IF(Tracker!G25="✓",F9+1,0) | H9: =IF(Tracker!H25="✓",G9+1,0) | I9: =IF(Tracker!I25="✓",H9+1,0) | ... AF9: =IF(Tracker!AF25="✓",AE9+1,0)
A11: Weekly score (Week 1-5)
A12: Week 1 | B12: Week 2 | C12: Week 3 | D12: Week 4 | E12: Week 5
A13: =SUMPRODUCT(--(Tracker!B18:H25="✓"))/(8*7) | B13: =SUMPRODUCT(--(Tracker!I18:O25="✓"))/(8*7) | C13: =SUMPRODUCT(--(Tracker!P18:V25="✓"))/(8*7) | D13: =SUMPRODUCT(--(Tracker!W18:AC25="✓"))/(8*7) | E13: =IF(Tracker!$B$6<=28,0,SUMPRODUCT(--(Tracker!AD18:AF25="✓"))/(8*(Tracker!$B$6-28)))
A14: Overall status data
A15: Completed | B15: =SUMPRODUCT(--(Tracker!B18:AF25="✓"))
A16: Remaining | B16: =8*Tracker!$B$6-B15
A17: Ranking tie-break values
A18: =Tracker!A18 | B18: =Tracker!AK18-ROW()*0.0000001
A19: =Tracker!A19 | B19: =Tracker!AK19-ROW()*0.0000001
A20: =Tracker!A20 | B20: =Tracker!AK20-ROW()*0.0000001
A21: =Tracker!A21 | B21: =Tracker!AK21-ROW()*0.0000001
A22: =Tracker!A22 | B22: =Tracker!AK22-ROW()*0.0000001
A23: =Tracker!A23 | B23: =Tracker!AK23-ROW()*0.0000001
A24: =Tracker!A24 | B24: =Tracker!AK24-ROW()*0.0000001
A25: =Tracker!A25 | B25: =Tracker!AK25-ROW()*0.0000001

Sheet Tracker
A1: HABIT TRACKER | AH1: GOAL | AI1: =8*$B$6
A2: ="- "&TEXT(DATE($D$5,$B$5,1),"mmmm")&" "&$D$5&" -" | AH2: COMPLETED | AI2: =Helpers!B15
AH3: LEFT | AI3: =Helpers!B16
A4: CALENDAR SETTINGS
A5: Month (1-12): | B5: 6 | D5: Year: | E5: 2026
A6: Days in Month: | B6: =DAY(EOMONTH(DATE($D$5,$B$5,1),0)) | D6: Today (day #): | E6: =IF(AND(YEAR(TODAY())=$D$5,MONTH(TODAY())=$B$5),DAY(TODAY()),$B$6)
A14: DAILY HABIT TRACKER — click a day's box and choose ✓ to mark it done
A15: MY HABITS | B15: Week 1 | I15: Week 2 | P15: Week 3 | W15: Week 4 | AD15: Week 5 | AH15: ANALYSIS | AO15: HABIT RANKING
B16: =IF(B17<=$B$6,TEXT(DATE($D$5,$B$5,B17),"ddd"),"") | C16: =IF(C17<=$B$6,TEXT(DATE($D$5,$B$5,C17),"ddd"),"") | D16: =IF(D17<=$B$6,TEXT(DATE($D$5,$B$5,D17),"ddd"),"") | E16: =IF(E17<=$B$6,TEXT(DATE($D$5,$B$5,E17),"ddd"),"") | F16: =IF(F17<=$B$6,TEXT(DATE($D$5,$B$5,F17),"ddd"),"") | G16: =IF(G17<=$B$6,TEXT(DATE($D$5,$B$5,G17),"ddd"),"") | H16: =IF(H17<=$B$6,TEXT(DATE($D$5,$B$5,H17),"ddd"),"") | I16: =IF(I17<=$B$6,TEXT(DATE($D$5,$B$5,I17),"ddd"),"") | ... AF16: =IF(AF17<=$B$6,TEXT(DATE($D$5,$B$5,AF17),"ddd"),"")
B17: 1 | C17: 2 | D17: 3 | E17: 4 | F17: 5 | G17: 6 | H17: 7 | I17: 8 | J17: 9 | K17: 10 | L17: 11 | M17: 12 | N17: 13 | O17: 14 | P17: 15 | Q17: 16 | R17: 17 | S17: 18 | T17: 19 | U17: 20 | V17: 21 | W17: 22 | X17: 23 | Y17: 24 | Z17: 25 | AA17: 26 | AB17: 27 | AC17: 28 | AD17: 29 | AE17: 30 | AF17: 31 | AH17: GOAL | AI17: ACTUAL | AJ17: LEFT | AK17: PROGRESS | AL17: STREAK | AM17: BEST
A18: ⏰ Wake Up at 6:00 AM | AH18: =$B$6 | AI18: =COUNTIF(B18:AF18,"✓") | AJ18: =AH18-AI18 | AK18: =IF(AH18=0,0,AI18/AH18) | AL18: =IF($D$6=1,INDEX(Helpers!B2:AF2,1),MAX(INDEX(Helpers!B2:AF2,$D$6),INDEX(Helpers!B2:AF2,MAX(1,$D$6-1)))) | AM18: =MAX(Helpers!B2:AF2) | AO18: 1 | AP18: =INDEX($A$18:$A$25,MATCH(LARGE(Helpers!$B$18:$B$25,AO18),Helpers!$B$18:$B$25,0))&" ("&TEXT(INDEX($AK$18:$AK$25,MATCH(LARGE(Helpers!$B$18:$B$25,AO18),Helpers!$B$18:$B$25,0)),"0%")&")"
A19: 🧘 Meditation / Stretch | AH19: =$B$6 | AI19: =COUNTIF(B19:AF19,"✓") | AJ19: =AH19-AI19 | AK19: =IF(AH19=0,0,AI19/AH19) | AL19: =IF($D$6=1,INDEX(Helpers!B3:AF3,1),MAX(INDEX(Helpers!B3:AF3,$D$6),INDEX(Helpers!B3:AF3,MAX(1,$D$6-1)))) | AM19: =MAX(Helpers!B3:AF3) | AO19: 2 | AP19: =INDEX($A$18:$A$25,MATCH(LARGE(Helpers!$B$18:$B$25,AO19),Helpers!$B$18:$B$25,0))&" ("&TEXT(INDEX($AK$18:$AK$25,MATCH(LARGE(Helpers!$B$18:$B$25,AO19),Helpers!$B$18:$B$25,0)),"0%")&")"
A20: 💪 Hit the Gym | AH20: =$B$6 | AI20: =COUNTIF(B20:AF20,"✓") | AJ20: =AH20-AI20 | AK20: =IF(AH20=0,0,AI20/AH20) | AL20: =IF($D$6=1,INDEX(Helpers!B4:AF4,1),MAX(INDEX(Helpers!B4:AF4,$D$6),INDEX(Helpers!B4:AF4,MAX(1,$D$6-1)))) | AM20: =MAX(Helpers!B4:AF4) | AO20: 3 | AP20: =INDEX($A$18:$A$25,MATCH(LARGE(Helpers!$B$18:$B$25,AO20),Helpers!$B$18:$B$25,0))&" ("&TEXT(INDEX($AK$18:$AK$25,MATCH(LARGE(Helpers!$B$18:$B$25,AO20),Helpers!$B$18:$B$25,0)),"0%")&")"
A21: 🚿 Cold Shower | AH21: =$B$6 | AI21: =COUNTIF(B21:AF21,"✓") | AJ21: =AH21-AI21 | AK21: =IF(AH21=0,0,AI21/AH21) | AL21: =IF($D$6=1,INDEX(Helpers!B5:AF5,1),MAX(INDEX(Helpers!B5:AF5,$D$6),INDEX(Helpers!B5:AF5,MAX(1,$D$6-1)))) | AM21: =MAX(Helpers!B5:AF5) | AO21: 4 | AP21: =INDEX($A$18:$A$25,MATCH(LARGE(Helpers!$B$18:$B$25,AO21),Helpers!$B$18:$B$25,0))&" ("&TEXT(INDEX($AK$18:$AK$25,MATCH(LARGE(Helpers!$B$18:$B$25,AO21),Helpers!$B$18:$B$25,0)),"0%")&")"
A22: 📖 Read 10 Pages | AH22: =$B$6 | AI22: =COUNTIF(B22:AF22,"✓") | AJ22: =AH22-AI22 | AK22: =IF(AH22=0,0,AI22/AH22) | AL22: =IF($D$6=1,INDEX(Helpers!B6:AF6,1),MAX(INDEX(Helpers!B6:AF6,$D$6),INDEX(Helpers!B6:AF6,MAX(1,$D$6-1)))) | AM22: =MAX(Helpers!B6:AF6) | AO22: 5 | AP22: =INDEX($A$18:$A$25,MATCH(LARGE(Helpers!$B$18:$B$25,AO22),Helpers!$B$18:$B$25,0))&" ("&TEXT(INDEX($AK$18:$AK$25,MATCH(LARGE(Helpers!$B$18:$B$25,AO22),Helpers!$B$18:$B$25,0)),"0%")&")"
A23: 🙏 Pray | AH23: =$B$6 | AI23: =COUNTIF(B23:AF23,"✓") | AJ23: =AH23-AI23 | AK23: =IF(AH23=0,0,AI23/AH23) | AL23: =IF($D$6=1,INDEX(Helpers!B7:AF7,1),MAX(INDEX(Helpers!B7:AF7,$D$6),INDEX(Helpers!B7:AF7,MAX(1,$D$6-1)))) | AM23: =MAX(Helpers!B7:AF7) | AO23: 6 | AP23: =INDEX($A$18:$A$25,MATCH(LARGE(Helpers!$B$18:$B$25,AO23),Helpers!$B$18:$B$25,0))&" ("&TEXT(INDEX($AK$18:$AK$25,MATCH(LARGE(Helpers!$B$18:$B$25,AO23),Helpers!$B$18:$B$25,0)),"0%")&")"
A24: 💻 Deep Work | AH24: =$B$6 | AI24: =COUNTIF(B24:AF24,"✓") | AJ24: =AH24-AI24 | AK24: =IF(AH24=0,0,AI24/AH24) | AL24: =IF($D$6=1,INDEX(Helpers!B8:AF8,1),MAX(INDEX(Helpers!B8:AF8,$D$6),INDEX(Helpers!B8:AF8,MAX(1,$D$6-1)))) | AM24: =MAX(Helpers!B8:AF8) | AO24: 7 | AP24: =INDEX($A$18:$A$25,MATCH(LARGE(Helpers!$B$18:$B$25,AO24),Helpers!$B$18:$B$25,0))&" ("&TEXT(INDEX($AK$18:$AK$25,MATCH(LARGE(Helpers!$B$18:$B$25,AO24),Helpers!$B$18:$B$25,0)),"0%")&")"
A25: 📵 Limit Social Media | AH25: =$B$6 | AI25: =COUNTIF(B25:AF25,"✓") | AJ25: =AH25-AI25 | AK25: =IF(AH25=0,0,AI25/AH25) | AL25: =IF($D$6=1,INDEX(Helpers!B9:AF9,1),MAX(INDEX(Helpers!B9:AF9,$D$6),INDEX(Helpers!B9:AF9,MAX(1,$D$6-1)))) | AM25: =MAX(Helpers!B9:AF9) | AO25: 8 | AP25: =INDEX($A$18:$A$25,MATCH(LARGE(Helpers!$B$18:$B$25,AO25),Helpers!$B$18:$B$25,0))&" ("&TEXT(INDEX($AK$18:$AK$25,MATCH(LARGE(Helpers!$B$18:$B$25,AO25),Helpers!$B$18:$B$25,0)),"0%")&")"
A26: DAILY SCORE | B26: =IF(B17<=$B$6,COUNTIF(B18:B25,"✓")/8,"") | C26: =IF(C17<=$B$6,COUNTIF(C18:C25,"✓")/8,"") | D26: =IF(D17<=$B$6,COUNTIF(D18:D25,"✓")/8,"") | E26: =IF(E17<=$B$6,COUNTIF(E18:E25,"✓")/8,"") | F26: =IF(F17<=$B$6,COUNTIF(F18:F25,"✓")/8,"") | G26: =IF(G17<=$B$6,COUNTIF(G18:G25,"✓")/8,"") | H26: =IF(H17<=$B$6,COUNTIF(H18:H25,"✓")/8,"") | I26: =IF(I17<=$B$6,COUNTIF(I18:I25,"✓")/8,"") | ... AF26: =IF(AF17<=$B$6,COUNTIF(AF18:AF25,"✓")/8,"")
A27: MENTAL STATE TRACKER — rate 1-10 each day
A28: MOOD
A29: MOTIVATION
A47: © Nikolas Moore — Discipline Goal Tracker
